Product,Supplier,Supplier Country,Supplier City,Lead Time (Weeks),Mean Weekly Demand,Total_Sales,Safety Stock (SS),SS (round unit up),SS (CBM),SS (KG),Reorder Point (RP=s),RP (round unit up),RP (CBM),RP (KG),Order-Up-To Level (S),S (round unit up),S (CBM),S (KG),CBM/Orderlines,Kg/OrderlinesA-001,S-CN-001,China,Dongguan,5.857142857,0.423076923,33,0.726923077,1,0.575874746,176.460618,3.204945055,4,2.303498983,705.8424718,5.682967033,6,3.455248475,1058.763708,0.575874746,176.460618A-002,S-CN-001,China,Dongguan,5.857142857,12.79487179,1070,25.50512821,26,3.38042046,589.1298342,100.4465201,101,13.13163333,2288.542818,175.3879121,176,22.88284619,3987.955801,0.130016172,22.65883978A-003,S-CN-002,China,Shenzhen,5.857142857,8.705128205,683,18.44487179,19,3.022784758,222.5512827,69.43205128,70,11.13657542,819.9257785,120.4192308,121,19.25036609,1417.300274,0.159093935,11.71322541A-004,S-DE-001,Germany,Mainz,12.71428571,566.0769231,44194,142.1230769,143,0.759797757,235.2548962,7339.386813,7340,38.99940932,12075.32125,14536.65055,14537,77.23902089,23915.38759,0.005313271,1.645139134A-005,S-CN-003,China,Changzhou,5.857142857,323.0769231,25159,184.8730769,185,19.17166878,3416.530942,2077.180769,2078,215.3444742,38375.95296,3969.488462,3970,411.413649,73316.90725,0.103630642,18.46773482A-006,S-CN-003,China,Changzhou,5.857142857,289.2692308,22512,160.7807692,161,13.38473163,1627.714134,1855.071978,1856,154.2985212,18764.20765,3549.363187,3550,295.1291758,35890.59115,0.083134979,10.11002568A-007,S-CN-003,China,Changzhou,5.857142857,5.448717949,426,7.701282051,8,1.272851286,338.0134784,39.61520147,40,6.364256428,1690.067392,71.52912088,72,11.45566157,3042.121305,0.159106411,42.25168479A-008,S-MY-001,Malaysia,Penang,6.857142857,394.8653846,30850,241.8846154,242,1.850424342,112.2807382,2949.532967,2950,22.55682565,1368.711478,5657.181319,5658,43.26322696,2625.142218,0.007646382,0.463969993A-009,S-MY-001,Malaysia,Penang,6.857142857,322.5384615,25157,216.9615385,217,3.298945073,776.0501189,2428.653846,2429,36.9269013,8686.754557,4640.346154,4641,70.55485754,16597.45899,0.015202512,3.576267829A-010,S-MY-001,Malaysia,Penang,6.857142857,3.256410256,256,3.893589744,4,0.741537756,148.5882121,26.22326007,27,5.005379851,1002.970432,48.5529304,49,9.083837508,1820.205599,0.185384439,37.14705303A-011,S-MY-001,Malaysia,Penang,6.857142857,4.346153846,338,5.653846154,6,0.021839546,10.2842607,35.45604396,36,0.131037276,61.70556418,65.25824176,66,0.240235006,113.1268677,0.003639924,1.714043449A-012,S-DE-002,Germany,Stuttgart,12.71428571,9160.262821,714336,2530.337179,2531,7.062081874,2337.291244,118996.5359,118997,332.0294574,109889.6271,235462.7346,235463,656.9968329,217441.9629,0.002790234,0.923465525A-013,S-DE-002,Germany,Stuttgart,12.71428571,108.2371795,8429,74.51282051,75,16.72999649,1622.67156,1450.671245,1451,323.6696654,31393.28578,2826.82967,2827,630.6093344,61163.9,0.22306662,21.6356208A-014,S-DE-002,Germany,Stuttgart,12.71428571,561.7628205,43894,562.3871795,563,65.24812088,9871.082567,7704.800183,7705,892.9605175,135091.8138,14847.21319,14848,1720.788808,260330.0781,0.115893643,17.53300634A-015,S-DE-002,Germany,Stuttgart,12.71428571,64.89102564,5072,65.40897436,66,1.360999099,207.9818642,890.4520147,891,18.37348784,2807.755167,1715.495055,1716,35.38597658,5407.52847,0.020621198,3.151240367A-016,S-DE-002,Germany,Stuttgart,12.71428571,158.0064103,12415,89.89358974,90,18.37462726,2530.521832,2098.832234,2099,428.5371401,59017.39251,4107.770879,4108,838.6996529,115504.2632,0.204162525,28.11690925A-017,S-DE-002,Germany,Stuttgart,12.71428571,15.42307692,1212,23.17692308,24,0.211426712,77.18050934,219.2703297,220,1.938078197,707.4880023,415.3637363,416,3.664729682,1337.795495,0.008809446,3.215854556A-018,S-DE-002,Germany,Stuttgart,12.71428571,0.179487179,15,0.820512821,1,0.005803089,2.439542775,3.102564103,4,0.023212357,9.758171098,5.384615385,6,0.034818536,14.63725665,0.005803089,2.439542775A-019,S-MY-002,Malaysia,Kulim,6.857142857,448.2628205,35016,262.2871795,263,98.68005347,13292.43362,3336.089377,3337,1252.07353,168657.2281,6409.891575,6410,2405.091798,323971.4811,0.375209329,50.54157271A-020,S-MY-002,Malaysia,Kulim,6.857142857,175.3782051,13712,124.7717949,125,9.119413743,1236.901262,1327.365201,1328,96.88465161,13140.83901,2529.958608,2530,184.5769342,25034.88154,0.07295531,9.895210095A-021,S-MY-002,Malaysia,Kulim,6.857142857,66.96153846,5223,47.33846154,48,20.24627215,2436.895357,506.5032967,507,213.8512496,25739.70721,965.6681319,966,407.4562271,49042.51906,0.421797337,50.76865327A-022,S-MY-002,Malaysia,Kulim,6.857142857,25.48717949,1992,31.51282051,32,7.142451524,774.242685,206.2820513,207,46.2027333,5008.382369,381.0512821,382,85.26301507,9242.522052,0.22320161,24.19508391A-023,S-US-001,USA,San Diego,6.857142857,179.6217949,14016,111.4782051,112,6.705241094,1040.998213,1343.170513,1344,80.46289313,12491.97856,2574.862821,2575,154.1606769,23933.66428,0.059868224,9.294626906A-024,S-US-001,USA,San Diego,6.857142857,1.987179487,167,5.912820513,6,0.042532227,3.961662202,19.53919414,20,0.141774091,13.20554067,33.16556777,34,0.241015955,22.44941915,0.007088705,0.660277034A-025,S-US-001,USA,San Diego,6.857142857,2191.24359,170393,1521.40641,1522,20.93465814,6249.094231,16547.07674,16548,227.6128272,67943.50285,31572.74707,31573,434.2772415,129633.8056,0.013754703,4.105843779A-026,S-US-001,USA,San Diego,6.857142857,0.166666667,13,0.833333333,1,0.050113135,4.802799538,1.976190476,2,0.100226271,9.605599077,3.119047619,4,0.200452542,19.21119815,0.050113135,4.802799538A-027,S-DE-003,Germany,Darmstadt,12.71428571,1151.051282,89881,655.8987179,656,78.35658652,16297.61267,15290.69359,15291,1826.449031,379888.4074,29925.48846,29926,3574.541476,743479.2022,0.119446016,24.84392175A-028,S-CN-004,China,Guangzhou,5.857142857,0.487179487,38,2.662820513,3,0.294214438,503.16897,5.516300366,6,0.588428875,1006.33794,8.36978022,9,0.882643313,1509.50691,0.098071479,167.72299A-029,S-MY-002,Malaysia,Kulim,6.857142857,634.8333333,49745,542.6666667,543,108.8430594,19167.65623,4895.809524,4896,981.3915629,172826.602,9248.952381,9249,1853.940066,326485.5478,0.200447623,35.29955106A-030,S-CN-003,China,Changzhou,5.857142857,19.23076923,1504,15.06923077,16,1.653150004,334.1082177,127.7065934,128,13.22520003,2672.865741,240.343956,241,24.90057193,5032.505029,0.103321875,20.88176361A-031,S-CN-006,China,Hangzhou,5.857142857,26.41666667,2064,62.58333333,63,13.87129167,1397.938247,217.3095238,218,47.99907277,4837.310123,372.0357143,373,82.12685386,8276.682,0.220179233,22.18949598A-032,S-DE-003,Germany,Darmstadt,12.71428571,112.3782051,8858,92.57179487,93,7.5877661,429.556044,1521.380403,1522,124.1782796,7029.938699,2950.189011,2951,240.7687931,13630.32135,0.081588883,4.618882194A-033,S-DE-003,Germany,Darmstadt,12.71428571,10.60897436,826,16.54102564,17,3.97357525,464.49377,151.4265568,152,35.52843753,4153.120768,286.3120879,287,67.08329981,7841.747765,0.233739721,27.32316294A-034,S-MY-001,Malaysia,Penang,6.857142857,2.833333333,221,3.316666667,4,5.23471E-05,0.009422477,22.7452381,23,0.000300996,0.054179244,42.17380952,43,0.000562731,0.10129163,1.30868E-05,0.002355619A-035,S-CN-006,China,Hangzhou,5.857142857,3.891025641,316,7.008974359,8,1.418044044,65.15692481,29.7992674,30,5.317665165,244.338468,52.58956044,53,9.394541792,431.6646268,0.177255506,8.144615601A-036,S-CN-006,China,Hangzhou,5.857142857,0.064102564,5,0.085897436,1,0.007852547,10.23647097,0.461355311,1,0.007852547,10.23647097,0.836813187,1,0.007852547,10.23647097,0.007852547,10.23647097A-037,S-CN-005,China,Shenzhen,5.857142857,4.397435897,342,3.752564103,4,0.023560141,5.249525322,29.50897436,30,0.176701056,39.37143992,55.26538462,56,0.329841972,73.49335451,0.005890035,1.312381331A-038,S-CN-005,China,Shenzhen,5.857142857,0.025641026,2,-0.025641026,-1,-5.809344531,-3032.561962,0.124542125,1,5.809344531,3032.561962,0.274725275,1,5.809344531,3032.561962,5.809344531,3032.561962A-039,S-CN-006,China,Hangzhou,5.857142857,0.051282051,4,0.098717949,1,0.005639713,1.197920009,0.399084249,1,0.005639713,1.197920009,0.699450549,1,0.005639713,1.197920009,0.005639713,1.197920009A-040,S-CN-006,China,Hangzhou,5.857142857,0.115384615,10,0.884615385,1,0.045397931,11.8601272,1.56043956,2,0.090795863,23.7202544,2.236263736,3,0.136193794,35.5803816,0.045397931,11.8601272B-001,S-CN-009,China,Taicang,5.857142857,23.78205128,1864,16.71794872,17,0.3673362,63.41665301,156.0128205,157,3.392457849,585.6714425,295.3076923,296,6.395971487,1104.195841,0.021608012,3.730391354B-002,S-CN-009,China,Taicang,5.857142857,104.3076923,8130,60.84230769,61,3.115003638,966.8723976,671.7873626,672,34.31610565,10651.44674,1282.732418,1283,65.51720766,20336.02108,0.051065633,15.85036717B-003,S-US-002,USA,Sacramento,6.857142857,59.03205128,4606,37.01794872,38,2.697810668,2018.939761,441.8091575,442,31.37979777,23483.45722,846.6003663,847,60.13277989,45001.10468,0.070995018,53.12999372B-004,S-US-002,USA,Sacramento,6.857142857,278.7051282,21711,143.5448718,144,8.741605198,6459.772872,2054.665751,2055,124.7499908,92186.34202,3965.78663,3966,240.7583765,177912.9112,0.060705592,44.85953383B-005,S-US-002,USA,Sacramento,6.857142857,15.5,1212,10.65,11,1.04221134,867.073222,116.9357143,117,11.0853388,9222.506089,223.2214286,224,21.22321274,17656.76379,0.094746485,78.82483837B-006,S-CN-007,China,Suzhou,5.857142857,185.3717949,14486,69.77820513,70,2.719453962,457.5487911,1155.527289,1156,44.90983972,7556.091464,2241.276374,2242,87.10022548,14654.63414,0.038849342,6.536411301B-007,S-CN-008,China,Guangzhou,5.857142857,74.19230769,5806,71.50769231,72,1.285527736,283.4712761,506.0626374,507,9.052257808,1996.110236,940.6175824,941,16.80113333,3704.812094,0.017854552,3.937101056B-008,S-CN-008,China,Guangzhou,5.857142857,23.93589744,1868,14.21410256,15,0.446728021,74.46195321,154.4100733,155,4.616189549,769.4401831,294.606044,295,8.785651078,1464.418413,0.029781868,4.964130214B-009,S-CN-008,China,Guangzhou,5.857142857,364.4679487,28401,147.2820513,148,13.13196629,714.2079248,2282.022894,2283,202.5694529,11017.13981,4416.763736,4417,391.9182101,21315.24597,0.088729502,4.825729222B-010,S-CN-007,China,Suzhou,5.857142857,366.2371795,28557,172.8128205,173,7.709215033,1626.781624,2317.9163,2318,103.2945691,21796.99308,4463.01978,4464,198.924485,41976.6079,0.044561937,9.403361986B-011,S-MY-003,Malaysia,Kuala Lumpur,6.857142857,591.6346154,46100,372.4153846,373,27.51390578,25071.3707,4429.338462,4430,326.7737335,297764.5367,8486.261538,8487,626.0335613,570457.7028,0.073763822,67.21547105B-012,S-CN-010,China,Wuxi,5.857142857,511.9294872,39909,247.2205128,248,19.9937535,3009.254876,3245.664652,3246,261.6924349,39387.26342,6244.108791,6245,503.4717364,75777.40605,0.080619974,12.13409224B-013,S-CN-008,China,Guangzhou,5.857142857,46.65384615,3631,20.64615385,21,0.575964531,146.6922549,293.9043956,294,8.063503433,2053.691569,567.1626374,568,15.57846922,3967.676228,0.027426882,6.985345472B-014,S-CN-010,China,Wuxi,5.857142857,96.6474359,7536,45.4025641,46,6.442739369,1049.937509,611.4804029,612,85.71644552,13968.73382,1177.558242,1178,164.9901517,26887.53013,0.140059552,22.82472846B-015,S-CN-009,China,Taicang,5.857142857,15.12820513,1181,11.02179487,12,0.191931261,36.26636183,99.62985348,100,1.599427175,302.2196819,188.2379121,189,3.022917361,571.1951988,0.015994272,3.022196819B-016,S-MY-004,Malaysia,Penang,6.857142857,170.6794872,13467,91.47051282,92,1.743742343,901.5167949,1261.844139,1262,23.91959605,12366.45864,2432.217766,2433,46.11440347,23841.19959,0.018953721,9.799095597B-017,S-MY-004,Malaysia,Penang,6.857142857,204.4358974,16072,92.66410256,93,1.300737184,783.0251788,1494.510256,1495,20.90969989,12587.34024,2896.35641,2897,40.5186626,24391.6553,0.013986421,8.419625578B-018,S-DE-006,Germany,Nuremberg,12.71428571,117.0641026,9144,82.43589744,83,8.799083991,8062.18716,1570.822344,1571,166.5465175,152598.7473,3059.208791,3060,324.399964,297232.4423,0.10601306,97.13478506B-019,S-DE-005,Germany,Frankfurt,12.71428571,155.4230769,12109,65.37692308,66,1.409267838,385.6377219,2041.47033,2042,43.6018928,11931.3974,4017.563736,4018,85.79451777,23477.15707,0.021352543,5.842995786B-020,S-DE-005,Germany,Frankfurt,12.71428571,411.25,32094,208.25,209,6.397087653,1751.828106,5437,5437,166.4161032,45572.67662,10665.75,10666,326.4657268,89401.90709,0.030608075,8.381952661B-021,S-DE-005,Germany,Frankfurt,12.71428571,20.56410256,1608,15.03589744,16,6.593450915,665.3433147,276.4937729,277,114.149119,11518.75614,537.9516484,538,221.704787,22372.16896,0.412090682,41.58395717B-022,S-DE-005,Germany,Frankfurt,12.71428571,376.8205128,29323,319.7294872,320,4.048675351,1639.984052,5110.73315,5111,64.66493663,26193.62027,9901.736813,9902,125.2811979,50747.25649,0.01265211,5.124950161B-023,S-DE-004,Germany,Munich,12.71428571,185.4038462,14450,88.79615385,89,9.57850578,8447.157151,2446.073626,2447,263.3550971,232249.3657,4803.351099,4804,517.0240648,455956.6624,0.10762366,94.9118781B-024,S-CN-010,China,Wuxi,5.857142857,140.2692308,10953,51.73076923,52,2.284577368,158.8776056,873.3076923,874,38.39847346,2670.36591,1694.884615,1695,74.46843537,5178.798875,0.04393418,3.055338569B-025,S-MY-003,Malaysia,Kuala Lumpur,6.857142857,2.346153846,183,2.803846154,3,0.757831979,888.9819374,18.89175824,19,4.799602533,5630.218937,34.97967033,35,8.841373087,10371.45594,0.25261066,296.3273125B-026,S-US-003,USA,Phoenix,6.857142857,5.423076923,422,5.726923077,6,1.822850206,410.4341507,42.91373626,43,13.06375981,2941.444747,80.10054945,81,24.60847778,5540.861035,0.303808368,68.40569178B-027,S-CN-010,China,Wuxi,5.857142857,7.628205128,596,6.371794872,7,1.362126299,815.2919346,51.05128205,52,10.11865251,6056.454371,95.73076923,96,18.68058925,11181.14653,0.194589471,116.4702764B-028,S-CN-009,China,Taicang,5.857142857,4.935897436,387,5.214102564,6,0.709922263,162.1559256,34.12435897,35,4.1412132,945.9095658,63.03461538,64,7.572504137,1729.663206,0.118320377,27.02598759B-029,S-DE-005,Germany,Frankfurt,12.71428571,2.692307692,211,5.457692308,6,4.236260605,571.9139174,39.68846154,40,28.24173736,3812.759449,73.91923077,74,52.24721413,7053.604981,0.706043434,95.31898623B-030,S-MY-004,Malaysia,Penang,6.857142857,3.256410256,256,4.893589744,5,0.013060283,0.791081983,27.22326007,28,0.073137586,4.430059104,49.5529304,50,0.130602831,7.910819828,0.002612057,0.158216397B-031,S-US-003,USA,Phoenix,6.857142857,7.583333333,591,6.416666667,7,1.095629275,273.0182378,58.41666667,59,9.234589602,2301.153719,110.4166667,111,17.37354993,4329.2892,0.156518468,39.0026054B-032,S-DE-005,Germany,Frankfurt,12.71428571,1.333333333,104,2.666666667,3,0.10446155,32.59508438,19.61904762,20,0.696410335,217.3005625,36.57142857,37,1.288359119,402.0060406,0.034820517,10.86502813B-033,S-DE-004,Germany,Munich,12.71428571,1.705128205,133,2.294871795,3,3.919054442,903.3647075,23.97435897,24,31.35243554,7226.91766,45.65384615,46,60.09216812,13851.59218,1.306351481,301.1215692B-034,S-CN-007,China,Suzhou,5.857142857,3.551282051,277,4.448717949,5,0.29405945,97.57694591,25.24908425,26,1.529109138,507.4001188,46.04945055,47,2.764158827,917.2232916,0.05881189,19.51538918B-035,S-CN-009,China,Taicang,5.857142857,2.653846154,207,7.346153846,8,0.07301162,6.987669016,22.89010989,23,0.209908406,20.08954842,38.43406593,39,0.355931646,34.06488645,0.009126452,0.873458627B-036,S-CN-009,China,Taicang,5.857142857,2.076923077,162,2.923076923,3,0.384123958,55.08650062,15.08791209,16,2.048661107,293.79467,27.25274725,28,3.585156937,514.1406725,0.128041319,18.36216687B-037,S-DE-005,Germany,Frankfurt,12.71428571,0.012820513,1,-0.012820513,-1,-0.164291842,-65.69522408,0.15018315,1,0.164291842,65.69522408,0.313186813,1,0.164291842,65.69522408,0.164291842,65.69522408B-038,S-US-002,USA,Sacramento,6.857142857,1.480769231,121,0.669230769,1,0.126457101,79.80673799,10.82307692,11,1.391028114,877.8741179,20.97692308,21,2.655599127,1675.941498,0.126457101,79.80673799B-039,S-DE-004,Germany,Munich,12.71428571,0.282051282,22,0.867948718,1,1.01519611,693.7839202,4.454029304,5,5.07598055,3468.919601,8.04010989,9,9.13676499,6244.055282,1.01519611,693.7839202B-040,S-US-003,USA,Phoenix,6.857142857,0.051282051,5,-0.051282051,-1,-0.228344906,-82.39751771,0.3003663,1,0.228344906,82.39751771,0.652014652,1,0.228344906,82.39751771,0.228344906,82.39751771B-041,S-DE-005,Germany,Frankfurt,12.71428571,0.012820513,1,-0.012820513,-1,-0.05018866,-11.424678,0.15018315,1,0.05018866,11.424678,0.313186813,1,0.05018866,11.424678,0.05018866,11.424678B-042,S-DE-004,Germany,Munich,12.71428571,0.576923077,45,1.423076923,2,1.201716148,627.0750578,8.758241758,9,5.407722665,2821.83776,16.09340659,17,10.21458726,5330.137991,0.600858074,313.5375289B-043,S-CN-009,China,Taicang,5.857142857,0.012820513,1,-0.012820513,-1,-0.015391927,-3.386575034,0.062271062,1,0.015391927,3.386575034,0.137362637,1,0.015391927,3.386575034,0.015391927,3.386575034